<?xml version="1.0" encoding="UTF-8"?>
<!DOCTYPE tiles-definitions PUBLIC
        "-//Apache Software Foundation//DTD Tiles Configuration 2.0//EN"
        "http://tiles.apache.org/dtds/tiles-config_2_0.dtd">

<tiles-definitions>
	<!-- default : 템플릿에 설정된 페이지의 구성 요소에 대한 실제 파일을 지정합니다.  -->
	<definition name="base.definition" template="/WEB-INF/layout/layout.jsp">
		 <put-attribute name="header" value="" />
		 <put-attribute name="content"  value="" />
		 <put-attribute name="footer" value="/WEB-INF/layout/footer.jsp" />
	</definition>

	<definition name="home" extends="base.definition">
		<put-attribute name="content" value="/WEB-INF/views/home.jsp"/>
	</definition>

	
	<definition name="/login/login_view" extends="base.definition">
		<put-attribute name="header" value="/WEB-INF/layout/login_header.jsp" />
		<put-attribute name="content" value="/WEB-INF/views/login/login_view.jsp"/>
	</definition>
	<definition name="/login/join_view" extends="base.definition">
		<put-attribute name="header" value="/WEB-INF/layout/login_header.jsp" />
		<put-attribute name="content" value="/WEB-INF/views/login/join_view.jsp"/>
	</definition>
	<definition name="/main/main" extends="base.definition">
		<put-attribute name="content" value="/WEB-INF/views/main/main.jsp"/>
	</definition>
	<definition name="/survey/survey_view" extends="base.definition">
		<put-attribute name="header" value="/WEB-INF/layout/login_header.jsp" />
		<put-attribute name="content" value="/WEB-INF/views/survey/survey_view.jsp"/>
	</definition>
	<definition name="/survey/insertForm" extends="base.definition">
		<put-attribute name="content" value="/WEB-INF/views/survey/insertForm.jsp"/>
	</definition>		
	<definition name="/survey/modifySurvey" extends="base.definition">
		<put-attribute name="content" value="/WEB-INF/views/survey/modifySurvey.jsp"/>
	</definition>
</tiles-definitions>