<?xml version="1.0" encoding="UTF-8" ?>
<!DOCTYPE mapper  PUBLIC "-//mybatis.org//DTD Mapper 3.0//EN"  "http://mybatis.org/dtd/mybatis-3-mapper.dtd">
<mapper namespace="board.guestBookDao">
	<resultMap type="com.woongjin.board.vo.GuestBoardVo" id="selectMap">
		<result property="guestBookId" column="GUEST_BOARD_ID" />
		<result property="title" column="TITLE" />
		<result property="content" column="CONTENT" />
		<result property="password" column="PASSWORD" />
		<result property="registerId" column="REGISTER_ID" />
		<result property="registDate" column="REGIST_DATE" />
		<result property="updaterId" column="UPDATER_ID" />
		<result property="updateDate" column="UPDATE_DATE" />
	</resultMap>
	<sql id="columnList">
		GUEST_BOARD_ID,
		TITLE,
		CONTENT,
		PASSWORD,
		REGISTER_ID,
		REGIST_DATE,
		UPDATER_ID,
		UPDATE_DATE
	</sql>

	<select id="selectList" parameterType="com.woongjin.board.search.GuestBoardSearch"  resultType="com.woongjin.board.vo.GuestBoardVo">

		SELECT <include refid="columnList"/> FROM BOARD
		LIMIT #{startRowIndex},#{pagePerRecord}

	</select>
	<select id="selectListCount" parameterType="com.woongjin.board.search.GuestBoardSearch" resultType="int">

		SELECT COUNT(*) FROM BOARD

	</select>
	
	<select id="select" parameterType="java.lang.String" resultType="com.woongjin.board.vo.GuestBoardVo">

		select * from BOARD where GUEST_BOARD_ID=#{guestBookId}

	</select>
	
	<select id="selectLastRecord" resultType="java.lang.String">
		SELECT MAX(GUEST_BOARD_ID) FROM BOARD
	</select>
	
	<insert id="insert" parameterType="com.woongjin.board.vo.GuestBoardVo">
		insert into BOARD(
			GUEST_BOARD_ID,
			TITLE,
			CONTENT,
			PASSWORD,
			REGISTER_ID,
			REGIST_DATE
		)
		values(#{guestBookId},#{title},#{content},#{password},#{registerId},NOW())
	</insert>
<delete id="delete" parameterType="com.woongjin.board.vo.GuestBoardVo">
		delete from BOARD where GUEST_BOARD_ID=#{guestBookId} and PASSWORD=#{password}
	</delete>

	<update id="update" parameterType="com.woongjin.board.vo.GuestBoardVo">

		update BOARD

		set TITLE=#{title},PASSWORD = #{password},CONTENT = #{content},UPDATER_ID = #{updaterId},UPDATE_DATE = NOW()

		where GUEST_BOARD_ID = #{guestBookId}

	</update>

</mapper>