<?xml version="1.0" encoding="UTF-8" ?>
<!DOCTYPE mapper  PUBLIC "-//mybatis.org//DTD Mapper 3.0//EN"  "http://mybatis.org/dtd/mybatis-3-mapper.dtd">
<mapper namespace="support.supportDao">

	<resultMap type="com.woongjin.support.vo.FileInfoVo" id="selectMap">
		<result property="fileId" column="FILE_ID" />
		<result property="orgFileName" column="ORG_FILE_NAME" />
		<result property="contentType" column="CONTENT_TYPE" />
		<result property="fileSize" column="FILE_SIZE" />
		<result property="filePath" column="FILE_PATH" />
		<result property="registId" column="REGIST_ID" />
	</resultMap>
	<sql id="columnList">
			FILE_ID,
			ORG_FILE_NAME,
			CONTENT_TYPE,
			FILE_SIZE,
			FILE_PATH,
			REGIST_ID
	</sql>

	<select id="selectList"  resultMap="selectMap">
		select 
			<include refid="columnList"/>
		FROM FILE_INFO
		order by FILE_ID 

	</select>
	<select id="select" parameterType="java.lang.String" resultMap="selectMap">
		select 
			<include refid="columnList"/>
		FROM FILE_INFO
		where FILE_ID = #{value}

	</select>
	<select id="selectListCount" parameterType="java.lang.String" resultType="int">

		select count(*) from FILE_INFO

	</select>

	<insert id="insert" parameterType="com.woongjin.support.vo.FileInfoVo" >
		insert into FILE_INFO (<include refid="columnList"/>,REGIST_DATE) VALUE(#{fileId},#{orgFileName},#{contentType},#{fileSize},#{filePath},#{registId},NOW())
	</insert>


	<delete id="delete" parameterType="java.lang.String">
		delete from FILE_INFO where FILE_ID=#{fileId}
	</delete>


</mapper>