<?xml version="1.0" encoding="UTF-8"?>
<beans xmlns="http://www.springframework.org/schema/beans"
	xmlns:xsi="http://www.w3.org/2001/XMLSchema-instance"
	xmlns:tx="http://www.springframework.org/schema/tx"
	xsi:schemaLocation="http://www.springframework.org/schema/beans http://www.springframework.org/schema/beans/spring-beans.xsd
		http://www.springframework.org/schema/tx http://www.springframework.org/schema/tx/spring-tx-4.3.xsd">

	<bean id="dataSource" class="org.apache.commons.dbcp.BasicDataSource">
		<property name="driverClassName" value="${connection.driver.class}"></property>
		<property name="url" value="${connection.url}"></property>
		<property name="username" value="${connection.username}"></property>
		<property name="password" value="${connection.password}"></property>
		<property name="validationQuery" value="select 1"></property>
	</bean>
	
	 <bean id="sqlSession" class="org.mybatis.spring.SqlSessionFactoryBean">
        <property name="dataSource" ref="dataSource" />
        <property name="mapperLocations" value="classpath:/mapper/**/**/*_Sql.xml" />
    </bean>
     
    <bean id="sqlSessionTemplate" class="org.mybatis.spring.SqlSessionTemplate">
        <constructor-arg index="0" ref="sqlSession"/>
    </bean>
	<bean id="transactionManager" class="org.springframework.jdbc.datasource.DataSourceTransactionManager">
		<property name="dataSource" ref="dataSource"></property>
	</bean>
	
	<tx:advice id="txAdvice" transaction-manager="transactionManager">
		<tx:attributes>
			<tx:method name="insert" rollback-for="Exeption"/>
			<tx:method name="update" rollback-for="Exeption"/>
			<tx:method name="delete" rollback-for="Exeption"/>
		</tx:attributes>
	</tx:advice>
	

</beans>
