<?xml version="1.0" encoding="UTF-8"?>
<!DOCTYPE tiles-definitions PUBLIC
        "-//Apache Software Foundation//DTD Tiles Configuration 2.0//EN"
        "http://tiles.apache.org/dtds/tiles-config_2_0.dtd">

<tiles-definitions>
	<!-- default : 템플릿에 설정된 페이지의 구성 요소에 대한 실제 파일을 지정합니다.  -->
	<definition name="base.definition" template="/WEB-INF/layout/layout.jsp">
		 <put-attribute name="header" value="/WEB-INF/layout/header.jsp" />
		 <put-attribute name="content"  value="" />
		 <put-attribute name="footer" value="/WEB-INF/layout/footer.jsp" />
	</definition>
	
	<definition name="/" extends="base.definition">
		<put-attribute name="content" value="index.jsp"/>
	</definition>
	<definition name="showMessage" extends="base.definition">
		<put-attribute name="content" value="/WEB-INF/view/showMessage.jsp"/>
	</definition>
		<definition name="modify_view" extends="base.definition">
		<put-attribute name="content" value="/WEB-INF/view/modify_view.jsp"/>
	</definition>
	
	<definition name="login/loginForm" extends="base.definition">
		<put-attribute name="content" value="/WEB-INF/view/login/loginForm.jsp"/>
	</definition>
	<definition name="userInfo/insertForm" extends="base.definition">
		<put-attribute name="content" value="/WEB-INF/view/userInfo/insertForm.jsp"/>
	</definition>
	<definition name="userInfo/updateForm" extends="base.definition">
		<put-attribute name="content" value="/WEB-INF/view/userInfo/updateForm.jsp"/>
	</definition>
	<definition name="userInfo/list" extends="base.definition">
		<put-attribute name="content" value="/WEB-INF/view/userInfo/list.jsp"/>
	</definition>
	<definition name="userInfo/view" extends="base.definition">
		<put-attribute name="content" value="/WEB-INF/view/userInfo/view.jsp"/>
	</definition>
	<definition name="fileInfo/list" extends="base.definition">
		<put-attribute name="content" value="/WEB-INF/view/fileInfo/list.jsp"/>
	</definition>
			
	<definition name="/board/board_main" extends="base.definition">
		<put-attribute name="header" value="/WEB-INF/layout/guestBoardHeader.jsp" />
		<put-attribute name="content" value="/WEB-INF/view/board/board_main.jsp"/>
	</definition>	
	<definition name="/board/insertForm" extends="base.definition">
		<put-attribute name="header" value="/WEB-INF/layout/guestBoardHeader.jsp" />
		<put-attribute name="content" value="/WEB-INF/view/board/insertForm.jsp"/>
	</definition>

	<definition name="/board/modifyForm" extends="base.definition">
		<put-attribute name="header" value="/WEB-INF/layout/guestBoardHeader.jsp" />
		<put-attribute name="content" value="/WEB-INF/view/board/modifyForm.jsp"/>
	</definition>
</tiles-definitions>