<?xml version="1.0" encoding="UTF-8" ?>
<!DOCTYPE mapper  PUBLIC "-//mybatis.org//DTD Mapper 3.0//EN"  "http://mybatis.org/dtd/mybatis-3-mapper.dtd">
<mapper namespace="board.guestBookDao">
	<resultMap type="com.woongjin.board.vo.GuestBoardVo" id="selectMap">
		<result property="guestBookId" column="GUEST_BOARD_ID" />
		<result property="title" column="TITLE" />
		<result property="content" column="CONTENT" />
		<result property="password" column="PASSWORD" />
		<result property="registerName" column="REGISTER_NAME" />
		<result property="registDate" column="REGIST_DATE" />
		<result property="updaterName" column="UPDATER_NAME" />
		<result property="updateDate" column="UPDATE_DATE" />
	</resultMap>
	<sql id="columnList">
		GUEST_BOARD_ID,
		TITLE,
		CONTENT,
		PASSWORD,
		REGISTER_NAME,
		REGIST_DATE,
		UPDATER_NAME,
		UPDATE_DATE
	</sql>

	<select id="selectList" parameterType="com.woongjin.board.search.GuestBoardSearch"  resultMap="selectMap">

		SELECT <include refid="columnList"/> FROM BOARD
		LIMIT #{startRowIndex},#{pagePerRecord}

	</select>
	<select id="selectListCount" parameterType="com.woongjin.board.search.GuestBoardSearch" resultType="int">

		SELECT COUNT(*) FROM BOARD

	</select>
	
	<select id="select" parameterType="com.woongjin.board.vo.GuestBoardVo" resultMap="selectMap">

		SELECT  
			<include refid="columnList"/> 
		FROM BOARD 
		WHERE GUEST_BOARD_ID=#{guestBookId} AND PASSWORD=#{password}

	</select>


	
	<select id="selectLastRecord" resultType="java.lang.String">
		SELECT MAX(GUEST_BOARD_ID) FROM BOARD
	</select>
	
	<insert id="insert" parameterType="com.woongjin.board.vo.GuestBoardVo">
		insert into BOARD(
			GUEST_BOARD_ID,
			TITLE,
			CONTENT,
			PASSWORD,
			REGISTER_NAME,
			REGIST_DATE
		)
		values(#{guestBookId},#{title},#{content},#{password},#{registerName},NOW())
	</insert>
	<delete id="delete" parameterType="com.woongjin.board.vo.GuestBoardVo">
		delete from BOARD where GUEST_BOARD_ID=#{guestBookId} and PASSWORD=#{password}
	</delete>

	<update id="update" parameterType="com.woongjin.board.vo.GuestBoardVo">

		update BOARD

		set TITLE=#{title},PASSWORD=#{password},CONTENT=#{content},UPDATER_NAME=#{updaterName},UPDATE_DATE=NOW()

		where GUEST_BOARD_ID=#{guestBookId}

	</update>

</mapper>