<?xml version="1.0" encoding="UTF-8"?>
<beans xmlns="http://www.springframework.org/schema/beans" xmlns:xsi="http://www.w3.org/2001/XMLSchema-instance"
	xmlns:mvc="http://www.springframework.org/schema/mvc" xmlns:context="http://www.springframework.org/schema/context"
	xsi:schemaLocation="http://www.springframework.org/schema/mvc http://www.springframework.org/schema/mvc/spring-mvc.xsd
		http://www.springframework.org/schema/beans http://www.springframework.org/schema/beans/spring-beans.xsd
		http://www.springframework.org/schema/context http://www.springframework.org/schema/context/spring-context.xsd">

    <!-- Uncomment and your base-package here:
         <context:component-scan
            base-package="org.springframework.samples.web"/>  -->
	<context:component-scan
            base-package="com.woongjin"/>
            
     <mvc:annotation-driven />
     <mvc:resources mapping="/resources/**" location="/resources/"></mvc:resources>
     <mvc:resources  mapping="/css/**" location="/css/"></mvc:resources>
     <mvc:resources mapping="/js/**" location="/js/"></mvc:resources>

     <context:property-placeholder location="classpath*:conf/*.properties"/>
       

	<bean class="org.springframework.web.servlet.view.UrlBasedViewResolver">
	
		<property value="org.springframework.web.servlet.view.tiles3.TilesView" name="viewClass"> </property>
		
		<property value="1" name="order"/>
	
	</bean>
	
	
	<bean class="org.springframework.web.servlet.view.tiles3.TilesViewResolver" id="tilesviewResolver"/>
	
	
	<bean class="org.springframework.web.servlet.view.tiles3.TilesConfigurer" id="tilesConfigurer">
	
		<property name="definitions">
		
			<list>
			
				<value>/WEB-INF/tiles/tiles*</value>
			
			</list>
	
		</property>
	
	</bean>

	<bean id="jsonView" class="net.sf.json.spring.web.servlet.view.JsonView">
			<property name="contentType" value="text/html; charset=UTF-8"/>
		</bean>
    

	<bean class="org.springframework.web.servlet.view.InternalResourceViewResolver">
	        <property name="prefix" value="/WEB-INF/view/"/>
	        <property name="suffix" value=".jsp"/>
	        <property value="2" name="order"/>
	</bean>
	
	<mvc:interceptors>
		<bean class="org.springframework.web.servlet.i18n.LocaleChangeInterceptor">
			<property name="paramName" value="lang"></property>
		</bean>
	</mvc:interceptors>
	

</beans>
