<?xml version="1.0" encoding="UTF-8"?>
<!DOCTYPE mapper
    PUBLIC "-//mybatis.org//DTD Mapper 3.0//EN"
    "http://mybatis.org/dtd/mybatis-3-mapper.dtd">

<mapper namespace="survey.surveyDao">

	<resultMap id="selectSurveyMap" type="com.woongjin.intern.survey.dto.SurveyVo">
		<result property="surId" column="SUR_ID" />
		<result property="surIndex" column="SUR_INDEX" />
		<result property="surTitle" column="SUR_TITLE" />
		<result property="surUse" column="SUR_USE" />
	</resultMap>
	<resultMap id="joinMap" type="com.woongjin.intern.survey.dto.JoinVo">
		<result property="surId" column="SUR_ID" />
		<result property="surTitle" column="SUR_TITLE" />
		<result property="qstId" column="QST_ID" />
		<result property="qstCont" column="QST_CONT" />
		<result property="aswId" column="ASW_ID" />
		<result property="aswCont" column="ASW_CONT" />
	</resultMap>
	<resultMap id="QuestionMap" type="com.woongjin.intern.survey.dto.QuestionVo">
		<result property="qstId" column="QST_ID" />
		<result property="surId" column="SUR_ID" />
		<result property="qstIndex" column="QST_INDEX" />
		<result property="qstCont" column="QST_CONT" />
	</resultMap>

	<sql id="columSurvey">
		SUR_ID,
		SUR_INDEX,
		SUR_TITLE,
		SUR_USE
	</sql>
	<sql id="columJoin">
		survey.SUR_ID,
		survey.SUR_TITLE,
		answer.QST_ID,
		QST_CONT,
		ASW_ID,
		ASW_CONT
	</sql>

	<sql id="columQuestion">
		survey.SUR_ID,
		question.QST_ID,
		QST_INDEX,
		QST_CONT
	</sql>
	<sql id="columAnswer">
		ASW_ID,
		SUR_ID,
		QST_ID,
		ASW_CONT
	</sql>
	<select id="selectSurvey" resultMap="selectSurveyMap">
		select
		<include refid="columSurvey" />
		from survey
	</select>
	
	
	
	
	<select id="selectOneSurvey" parameterType="java.lang.String"
		resultMap="selectSurveyMap">
		select
		<include refid="columSurvey" />
		from survey where SUR_TITLE=#{value}
	</select>
	<select id="selectLastRecord" parameterType="java.util.HashMap" resultMap="java.lang.String">
		select MAX(#{paramId}) from #{parmaTable} 
	</select>
	

	<select id="join" parameterType="java.lang.String" resultMap="joinMap">
		Select /*Survey_Sql.xml join*/
		survey.SUR_ID,survey.SUR_TITLE,answer.QST_ID,QST_CONT,ASW_ID,ASW_CONT
		From survey
		left JOIN question ON survey.SUR_ID = question.SUR_ID
		left
		JOIN answer ON
		survey.SUR_ID = answer.SUR_ID and question.QST_ID =
		answer.QST_ID
		where survey.SUR_ID=#{value};
	</select>




	<select id="selectQuestion" parameterType="java.lang.String"
		resultMap="QuestionMap">
		Select
		<include refid="columQuestion" />
		FROM question ,SURVEY
		where survey.SUR_ID=#{value} AND survey.SUR_ID =
		question.SUR_ID;
	</select>
	
	
	<!-- 
	<insert id="insertSurvey" parameterType="com.woongjin.intern.survey.dto.InsertVo" >
		INSERT INTO SURVEY (SUR_ID,SUR_TITLE)
		VALUES (#{surId},#{surTitle});
	</insert>
	
	<insert id="insertQuestion" parameterType="com.woongjin.intern.survey.dto.InsertVo" >
		INSERT INTO question (SUR_ID,QST_ID,QST_CONT)
		VALUES (#{surId},#{qstId},#{qstCont});
	</insert>
	<insert id="insertAnswer" parameterType="com.woongjin.intern.survey.dto.InsertVo" >
		INSERT INTO ANSWER (<include refid="columAnswer" />)
		VALUES (#{aswId},#{surId},#{qstId},#{aswCont});
	</insert>
	 -->
	
	

	<update id="uploadSurvey" parameterType="com.woongjin.intern.survey.dto.SurveyVo">
		update SURVEY set
		SUR_TITLE=#{surTitle}
		WHERE SUR_ID = #{surId} 
	</update>
	<update id="uploadQuestion" parameterType="com.woongjin.intern.survey.dto.SurveyVo">
		update QUESTION set
		QST_CONT=#{qstCont}
		WHERE QST_ID = #{qstId} 
	</update>
		<update id="uploadAnswer" parameterType="com.woongjin.intern.survey.dto.SurveyVo">
		update ANSWER set
		ASW_CONT=#{aswCont}
		WHERE ASW_ID = #{aswId} 
	</update>



</mapper>