<?xml version="1.0" encoding="UTF-8" ?>
<!DOCTYPE mapper  PUBLIC "-//mybatis.org//DTD Mapper 3.0//EN"  "http://mybatis.org/dtd/mybatis-3-mapper.dtd">
<mapper namespace="user.userDao">

	<resultMap type="com.woongjin.user.dto.UserInfoVo" id="selectMap">
		<result property="userId" column="USER_ID" />
		<result property="password" column="PASSWORD" />
		<result property="userName" column="USER_NAME" />
	</resultMap>
	<sql id="columnList">
			USER_ID,
			PASSWORD,
			USER_NAME
	</sql>

	<select id="selectList" parameterType="com.woongjin.user.search.UserInfoSearch"  resultType="com.woongjin.user.dto.UserInfoVo" resultMap="selectMap">
		select 
			<include refid="columnList"/>
		FROM userinfo 
		order by USER_ID 
		limit #{startRowIndex},#{pagePerRecord}

	</select>
	<select id="select" parameterType="com.woongjin.user.search.UserInfoSearch"  resultType="com.woongjin.user.dto.UserInfoVo" resultMap="selectMap">
		select 
			<include refid="columnList"/>
		FROM userinfo
		where USER_ID = #{value}

	</select>
	<select id="selectListCount" parameterType="com.woongjin.user.search.UserInfoSearch" resultType="int">

		select count(*) from userinfo

	</select>
	<select id="selectMember" parameterType="java.lang.String" resultMap="selectMap">

		select <include refid="columnList"/> from userinfo where USER_ID = #{userId}

	</select>
	<insert id="insert" parameterType="com.woongjin.user.dto.UserInfoVo" >
		insert into userinfo (USER_ID,PASSWORD,USER_NAME,REGIST_DATE) VALUES(#{userId},#{password},#{userName},NOW())
	</insert>
	
	<update id="update" parameterType="com.woongjin.user.dto.UserInfoVo">

		update userinfo set
			<if test="password != null and password !=''">
				PASSWORD = #{password},
			</if>
			<if test="userName != null and userName !=''">
				USER_NAME = #{userName},
			</if>
		UPDATE_DATE= NOW()
		WHERE USER_ID = #{userId}

	</update>

	<delete id="delete" parameterType="java.lang.String">
		delete from userinfo where USER_ID=#{userId}
	</delete>


</mapper>