<?xml version="1.0" encoding="UTF-8"?>

<beans xmlns="http://www.springframework.org/schema/beans"
	xmlns:xsi="http://www.w3.org/2001/XMLSchema-instance"
	xmlns:context="http://www.springframework.org/schema/context"
	xmlns:mvc="http://www.springframework.org/schema/mvc"
	xsi:schemaLocation="http://www.springframework.org/schema/mvc http://www.springframework.org/schema/mvc/spring-mvc-4.0.xsd
		http://www.springframework.org/schema/beans http://www.springframework.org/schema/beans/spring-beans.xsd
		http://www.springframework.org/schema/context http://www.springframework.org/schema/context/spring-context.xsd">
    

<bean id="messageSource" class="org.springframework.context.support.ReloadableResourceBundleMessageSource">
		<property name = "basenames">
			<list>
				<value>classpath:messages/message</value>
			</list>
		</property>
		<property name="defaultEncoding" value="UTF-8"></property>
		<property name="cacheSeconds" value="60"></property>
	</bean>
	

	<bean id="localeResolver" class="org.springframework.web.servlet.i18n.SessionLocaleResolver">
		<property name="defaultLocale" value="en"></property>
	</bean>
	
	

</beans>
