<?xml version="1.0" encoding="UTF-8" ?>
<!DOCTYPE mapper  PUBLIC "-//mybatis.org//DTD Mapper 3.0//EN"  "http://mybatis.org/dtd/mybatis-3-mapper.dtd">
<mapper namespace="user.userDao">

	<resultMap type="com.woongjin.intern.user.vo.UserVo" id="selectMap">
		<result property="userId" column="USER_ID" />
		<result property="userPassword" column="USER_PASSWORD" />
		<result property="userName" column="USER_NAME" />
		<result property="userEmail" column="USER_EMAIL" />
		<result property="userPhone" column="USER_PHONE" />
		<result property="userType" column="USER_TYPE" />
		<result property="userPlatform" column="USER_PLATFORM" />
	</resultMap>
	<sql id="columnListAs">
			USER_ID AS userId,
			USER_PASSWORD AS userPassword,
			USER_NAME AS userName,
			USER_EMAIL AS userEmail,
			USER_PHONE AS userPhone,
			USER_TYPE AS userType,
			USER_PLATFORM AS userPlatform
	</sql>
		<sql id="columnList">
			USER_ID,
			USER_PASSWORD,
			USER_NAME,
			USER_EMAIL,
			USER_PHONE,
			USER_TYPE,
			USER_PLATFORM
	</sql>

	<select id="selectList" parameterType="com.woongjin.intern.user.search.UserSearch"  resultType="com.woongjin.intern.user.vo.UserVo" >
		select 
			<include refid="columnList"/>
		FROM user 
		order by USER_ID 
		limit #{startRowIndex},#{pagePerRecord}

	</select>
	<select id="select" parameterType="java.lang.String"  resultType="com.woongjin.intern.user.vo.UserVo">
		select 
			<include refid="columnList"/>
		FROM user
		where USER_ID = #{value}

	</select>
	<select id="selectListCount" parameterType="com.woongjin.intern.user.search.UserSearch"  resultType="java.lang.Integer">

		select count(*) from user

	</select>

	<insert id="insert" parameterType="com.woongjin.intern.user.vo.UserVo" >
		insert into user (<include refid="columnList"/>) VALUES (#{userId},#{userPassword},#{userName},#{userEmail},#{userPhone},#{userType},#{userPlatform})
	</insert>
	
	<update id="update" parameterType="com.woongjin.intern.user.vo.UserVo">

		update user set
			<if test="userPassword != null and userPassword !=''">
				USER_PASSWORD = #{userPassword},
			</if>
			<if test="userName != null and userName !=''">
				USER_NAME = #{userName},
			</if>
			<if test="userEmail != null and userEmail !=''">
				USER_EMAIL = #{userEmail},
			</if>
			<if test="userPhone != null and userPhone !=''">
				USER_PHONE = #{userPhone},
			</if>

		WHERE USER_ID = #{userId}

	</update>

	<delete id="delete" parameterType="java.lang.String">
		delete from user where USER_ID=#{userId}
	</delete>


</mapper>