<?xml version="1.0" encoding="UTF-8"?>
<beans xmlns="http://www.springframework.org/schema/beans"
	xmlns:xsi="http://www.w3.org/2001/XMLSchema-instance"
	xmlns:tx="http://www.springframework.org/schema/tx"
	xsi:schemaLocation="http://www.springframework.org/schema/beans http://www.springframework.org/schema/beans/spring-beans.xsd
		http://www.springframework.org/schema/tx http://www.springframework.org/schema/tx/spring-tx-3.1.xsd">

	<bean id="dataSource"	class="org.springframework.jdbc.datasource.DriverManagerDataSource">
			<!-- JDBC드라이버명 설정 -->
			<property name="driverClassName" value="${connection.driver.class}"/>
			<property name="url" value="${connection.url}"/>
			<property name="username" value="${connection.username}"/>
			<property name="password" value="${connection.password}"/>			
	</bean>
	
	<bean name="template" class="org.springframework.jdbc.core.JdbcTemplate">
		<property name="dataSource" ref="dataSource"></property>
	</bean>

	<bean id="sqlSessionFactory" class="org.mybatis.spring.SqlSessionFactoryBean">
		<property name="dataSource" ref="dataSource"/>
		<property name="mapperLocations" value="classpath*:mapper/**/**/*_Sql.xml"/>
	</bean>
	<bean id="sqlSession" class="org.mybatis.spring.SqlSessionTemplate">
		<constructor-arg index="0" ref="sqlSessionFactory"></constructor-arg>
	</bean>
	
	<bean id="transactionManager" class="org.springframework.jdbc.datasource.DataSourceTransactionManager">
		<property name="dataSource" ref="dataSource"></property>
	</bean>
	
	<tx:advice id="txAdvice" transaction-manager="transactionManager">
		<tx:attributes>
			<tx:method name="insert" rollback-for="Exception"/>
			<tx:method name="update" rollback-for="Exception"/>
			<tx:method name="delete" rollback-for="Exception"/>
		</tx:attributes>
	</tx:advice>
</beans>
