<?xml version="1.0" encoding="UTF-8"?>
<!DOCTYPE log4j:configuration PUBLIC "-//APACHE//DTD LOG4J 1.2//EN"
	"http://logging.apache.org/log4j/1.2/apidocs/org/apache/log4j/xml/doc-files/log4j.dtd">
<log4j:configuration xmlns:log4j="http://jakarta.apache.org/log4j/">
     
    <!-- 콘솔 로그 -->
    <appender name="CONSOLE" class="org.apache.log4j.ConsoleAppender">
    	<param name="Threshold" value="info"></param>
         <layout class="org.apache.log4j.PatternLayout">
              <param name="ConversionPattern" value="[%d{yyyy-MM-dd HH:mm:ss}][%p][%c.%M(%L)] - %m%n" />
         </layout>  
    </appender>
     
    <!-- 날짜별 로그 파일 생성 -->
	<appender name="FILE" class="org.apache.log4j.RollingFileAppender">
	
        <param name="Threshold" value="debug"/>
        <param name="Append" value="true"/>
        <param name="file" value="/Project/intern/2017/logs/console"/>
        <param name="MaxFileSize" value="10MB"/>
        <param name="MaxBackupIndex" value="50"></param>
        <param name="DatePattern" value="'.'yyyy-MM-dd"/>
        <layout class="org.apache.log4j.PatternLayout">
            <param name="ConversionPattern" value="[%d{yyyy-MM-dd HH:mm:ss}][%p][%c.%M(%L)] - %m%n" />
        </layout>  
    </appender>
     
    <!-- 날짜별 로그 파일 생성 -->
    <appender name="springFile" class="org.apache.log4j.RollingFileAppender">
        <param name="File" value="/LOG/spring.log"/>
        <param name="Append" value="true"/>
        <!-- param name="MaxFileSize" value="100MB"/ -->
        <!-- param name="MaxBackupIndex" value="2"></param -->
        <param name="DatePattern" value="'.'yyyy-MM-dd"/>
        <layout class="org.apache.log4j.PatternLayout">
            <param name="ConversionPattern" value="%d %p [%C{10}] %m [%X{userId}]%n" />
        </layout>  
    </appender>
 
     
     <logger name="org.springframework.core">
     	 <level value="info"/>
        <appender-ref ref="CONSOLE" />
        <appender-ref ref="FILE" />
     </logger>
     
      <logger name="org.springframework.beans">
     	 <level value="info"/>
        <appender-ref ref="CONSOLE" />
        <appender-ref ref="FILE" />
     </logger>
     <logger name="org.springframework.context" additivity="false">
     	 <level value="info"/>
        <appender-ref ref="CONSOLE" />
        <appender-ref ref="FILE" />
     </logger>
     <logger name="org.springframework.web">
     	 <level value="info"/>
        <appender-ref ref="CONSOLE" />
        <appender-ref ref="FILE" />
     </logger>
     
      <logger name="jdbc.sqlonly" additivity="false">
     	 <level value="info"/>
        <appender-ref ref="CONSOLE" />
        <appender-ref ref="FILE" />
     </logger>
      <logger name="jdbc.sqltiming" additivity="false">
     	 <level value="fatal"/>
        <appender-ref ref="CONSOLE" />
        <appender-ref ref="FILE" />
     </logger>
     <logger name="jdbc.audit" additivity="false">
     	 <level value="fatal"/>
        <appender-ref ref="CONSOLE" />
        <appender-ref ref="FILE" />
     </logger>
          <logger name="jdbc.resultest" additivity="false">
     	 <level value="fatal"/>
        <appender-ref ref="CONSOLE" />
        <appender-ref ref="FILE" />
     </logger>
     <logger name="jdbc.connection" additivity="false">
     	 <level value="fatal"/>
        <appender-ref ref="CONSOLE" />
        <appender-ref ref="FILE" />
     </logger>
     <logger name="log4jdbc.debug" additivity="false">
     	 <level value="fatal"/>
        <appender-ref ref="CONSOLE" />
        <appender-ref ref="FILE" />
     </logger>

</log4j:configuration>