<?xml version="1.0" encoding="UTF-8" ?>
<!DOCTYPE mapper  PUBLIC "-//mybatis.org//DTD Mapper 3.0//EN"  "http://mybatis.org/dtd/mybatis-3-mapper.dtd">
<mapper namespace="home.homeDao">

	<select id="selectList" parameterType="com.woongjin.util.HomeSearch"  resultType="com.woongjin.home.vo.HomeVo">

		select * from member
		limit #{startRowIndex},#{pagePerRecord}

	</select>
	<select id="selectListCount" parameterType="com.woongjin.util.HomeSearch" resultType="int">

		select count(*) from member

	</select>
	<select id="selectMember" parameterType="java.lang.String" resultType="com.woongjin.home.vo.HomeVo">

		select * from member where id=#{id}

	</select>
	<insert id="insertData" parameterType="com.woongjin.home.vo.HomeVo">
		insert into member values(#{id},#{name},#{pw},#{email1},#{email2},#{phone})
	</insert>

	<delete id="deleteData" parameterType="java.util.HashMap">
		delete from member where id=#{id} and pw=#{pw}
	</delete>

	

	<update id="updateData" parameterType="com.woongjin.home.vo.HomeVo">

		update member

		set name=#{name},pw = #{pw},email1 = #{email1},email2 = #{email2},phone = #{phone}

		where id = #{id}

	</update>

</mapper>