<?xml version="1.0" encoding="UTF-8"?>
<!DOCTYPE tiles-definitions PUBLIC
        "-//Apache Software Foundation//DTD Tiles Configuration 2.0//EN"
        "http://tiles.apache.org/dtds/tiles-config_2_0.dtd">

<tiles-definitions>
	<!-- default : 템플릿에 설정된 페이지의 구성 요소에 대한 실제 파일을 지정합니다.  -->
	<definition name="base.definition" template="/WEB-INF/layouts/layout.jsp">
		 <put-attribute name="header" value="/WEB-INF/layouts/header.jsp" />
		 <put-attribute name="content"  value="" />
		 <put-attribute name="footer" value="/WEB-INF/layouts/footer.jsp" />
	</definition>
	
	<definition name="/" extends="base.definition">
		<put-attribute name="content" value="/WEB-INF/views/home.jsp"/>
	</definition>
	<definition name="home" extends="base.definition">
		<put-attribute name="content" value="/WEB-INF/views/home.jsp"/>
	</definition>
	<definition name="main" extends="base.definition">
		<put-attribute name="content" value="/WEB-INF/views/main.jsp"/>
	</definition>
	<definition name="game/game_view" extends="base.definition">
		<put-attribute name="content" value="/WEB-INF/views/game/game_view.jsp"/>
	</definition>

</tiles-definitions>